{"loss": 1.480520248413086, "_timestamp": 1721113974.2312558, "learning_rate": 2.995515865183984e-08, "_runtime": 1957.5747327804565, "_step": 294, "_wandb": {"runtime": 1964}}